marker,file,lines_matched,category
"governance_views","./.github/workflows/housekeeping-prod-promotion.yml","3","governance"
"governance_views","./.github/workflows/housekeeping-staging-selfcontained.yml","3","governance"
"governance_views","./applications/APP001/codebase/README.md","2","governance"
"governance_views","./database/schema/011_extend_existing_tables.sql","1","governance"
"governance_views","./db/migrations/vh/202509221340__vh_ingest_governance_views.sql","1","governance"
"governance_views","./db/seeds/ci_smoke_seed.sql","2","governance"
"governance_views","./db/views/eng/v_eng_trace.sql","1","governance"
"governance_views","./db/views/vh/v_vh_governance_snapshot.sql","1","governance"
"governance_views","./db/views/vh/v_vh_stage_progress.sql","2","governance"
"governance_views","./docs/EHG/README.md","3","governance"
"governance_views","./docs/EHG/data-contracts/venture_entities.md","2","governance"
"governance_views","./docs/EHG_Engineering/README.md","2","governance"
"governance_views","./docs/EHG_Engineering/data-contracts/backlog.md","1","governance"
"governance_views","./docs/EHG_Engineering/data-contracts/product_requirements.md","1","governance"
"governance_views","./docs/EHG_Engineering/data-contracts/strategic_directives.md","2","governance"
"governance_views","./ops/checks/assert_ci_smoke.sql","2","governance"
"governance_views","./ops/checks/backlog_integrity.sql","1","governance"
"governance_views","./ops/checks/backlog_integrity_staging.sql","1","governance"
"governance_views","./ops/checks/vh_ideation_integrity_staging.sql","6","governance"
"governance_views","./ops/checks/vision_alignment_staging.sql","4","governance"
"governance_views","./ops/jobs/hydrate_vh_linkage.sql","2","governance"
"evidence_chain","./.github/workflows/housekeeping-staging-selfcontained.yml","1","governance"
"evidence_chain","./db/migrations/eng/202509221300__eng_sd_metadata.sql","6","governance"
"evidence_chain","./db/seeds/ci_smoke_seed.sql","3","governance"
"evidence_chain","./db/seeds/integrity_gaps_seed.sql","1","governance"
"evidence_chain","./docs/EHG_Engineering/README.md","1","governance"
"evidence_chain","./docs/EHG_Engineering/data-contracts/strategic_directives.md","3","governance"
"evidence_chain","./docs/vision/rubric.yaml","2","governance"
"evidence_chain","./ops/backfill/eng_backfill_governance.sql","10","governance"
"evidence_chain","./ops/checks/backlog_integrity.sql","3","governance"
"evidence_chain","./ops/checks/backlog_integrity_staging.sql","5","governance"
"evidence_chain","./ops/checks/vision_alignment_staging.sql","5","governance"
"evidence_chain","./scripts/generate-workflow-docs.js","1","governance"
"evidence_chain","./scripts/update-sds-backlog-stage1.js","2","governance"
"evidence_chain","./src/services/database-loader/strategic-loaders.js","4","governance"
"sd_prd_queries","./.cursor/rules/leo_protocol_basic.md","1","governance"
"sd_prd_queries","./.github/workflows/boundary-lint.yml","4","governance"
"sd_prd_queries","./.github/workflows/housekeeping-prod-promotion.yml","1","governance"
"sd_prd_queries","./.github/workflows/housekeeping-staging-selfcontained.yml","1","governance"
"sd_prd_queries","./.github/workflows/schema-drift.yml","1","governance"
"sd_prd_queries","./AI_GUIDE.md","4","governance"
"sd_prd_queries","./CLAUDE.md","2","governance"
"sd_prd_queries","./USER_STORIES_IMPLEMENTATION_SUMMARY.md","1","governance"
"sd_prd_queries","./agents/story/runbook.md","2","governance"
"sd_prd_queries","./applications/APP001/codebase/README.md","1","governance"
"sd_prd_queries","./applications/APP001/codebase/scripts/add-leo-docs-to-database.sql","1","governance"
"sd_prd_queries","./database-optimization.sql","2","governance"
"sd_prd_queries","./database/schema/001_initial_schema.sql","10","governance"
"sd_prd_queries","./database/schema/002_multi_app_schema.sql","4","governance"
"sd_prd_queries","./database/schema/004_prd_schema.sql","10","governance"
"sd_prd_queries","./database/schema/009_prd_playwright_integration.sql","8","governance"
"sd_prd_queries","./database/schema/010_ehg_backlog_schema.sql","14","governance"
"sd_prd_queries","./database/schema/011_agentic_reviews_schema.sql","1","governance"
"sd_prd_queries","./database/schema/011_extend_existing_tables.sql","13","governance"
"sd_prd_queries","./database/schema/012_create_prd_view_v2.sql","2","governance"
"sd_prd_queries","./database/schema/cleanup_tech_debt.sql","6","governance"
"sd_prd_queries","./database/schema/strategic_directives.sql","9","governance"
"sd_prd_queries","./db/migrations/eng/202509221300__eng_sd_metadata.sql","14","governance"
"sd_prd_queries","./db/migrations/eng/202509221305__eng_prd_contract.sql","29","governance"
"sd_prd_queries","./db/migrations/eng/202509221310__eng_backlog_contract.sql","8","governance"
"sd_prd_queries","./db/migrations/eng/202509221315__eng_archive_legacy.sql","10","governance"
"sd_prd_queries","./db/migrations/eng/202509221320__eng_fix_prd_storage_fk.sql","13","governance"
"sd_prd_queries","./db/migrations/eng/202509221325__eng_commit_pr_linkage.sql","3","governance"
"sd_prd_queries","./db/migrations/eng/legacy/2025-01-17-prod-hardening.sql","1","governance"
"sd_prd_queries","./db/migrations/eng/legacy/2025-01-17-user-stories-compat.sql","4","governance"
"sd_prd_queries","./db/migrations/eng/legacy/2025-01-17-user-stories.sql","4","governance"
"sd_prd_queries","./db/migrations/eng/legacy/2025-09-EMB-message-bus.sql","12","governance"
"sd_prd_queries","./db/migrations/eng/legacy/hardening-fixes.sql","5","governance"
"sd_prd_queries","./db/migrations/eng/legacy/prod-pilot-seed.sql","7","governance"
"sd_prd_queries","./db/migrations/eng/legacy/prod-verification-queries.sql","1","governance"
"sd_prd_queries","./db/migrations/eng/legacy/rollback-SD-2025-09-EMB.sql","2","governance"
"sd_prd_queries","./db/migrations/eng/legacy/schema-discovery-queries.sql","8","governance"
"sd_prd_queries","./db/migrations/eng/legacy/seed-test-data.sql","6","governance"
"sd_prd_queries","./db/migrations/eng/legacy/verify-SD-2025-09-EMB.sql","10","governance"
"sd_prd_queries","./db/policies/eng/rls.sql","21","governance"
"sd_prd_queries","./db/seeds/ci_smoke_seed.sql","13","governance"
"sd_prd_queries","./db/seeds/integrity_gaps_seed.sql","12","governance"
"sd_prd_queries","./db/views/eng/v_eng_backlog_rollup.sql","1","governance"
"sd_prd_queries","./db/views/eng/v_eng_prd_payload_v1.sql","1","governance"
"sd_prd_queries","./db/views/eng/v_eng_trace.sql","2","governance"
"sd_prd_queries","./docs/02_api/LEAD-TO-PLAN-SDIP-2025-0903.md","1","governance"
"sd_prd_queries","./docs/03_guides/AI_GUIDE.md","2","governance"
"sd_prd_queries","./docs/03_protocols_and_standards/LEO_PROTOCOL_CHECKLIST_ENFORCEMENT.md","3","governance"
"sd_prd_queries","./docs/03_protocols_and_standards/LEO_v4.2_PLAYWRIGHT_TESTING_INTEGRATION.md","1","governance"
"sd_prd_queries","./docs/03_protocols_and_standards/leo_github_deployment_workflow_v4.1.2.md","2","governance"
"sd_prd_queries","./docs/03_protocols_and_standards/leo_protocol_v3.1.5.md","21","governance"
"sd_prd_queries","./docs/03_protocols_and_standards/leo_protocol_v4.1.1_update.md","6","governance"
"sd_prd_queries","./docs/03_protocols_and_standards/leo_protocol_v4.1.2_database_first.md","7","governance"
"sd_prd_queries","./docs/03_protocols_and_standards/leo_vision_qa_integration.md","2","governance"
"sd_prd_queries","./docs/04_features/database-subagent-sdip-handoff.md","1","governance"
"sd_prd_queries","./docs/04_features/lead-vision-qa-workflow.md","2","governance"
"sd_prd_queries","./docs/DASHBOARD_RESILIENCE_IMPROVEMENTS.md","2","governance"
"sd_prd_queries","./docs/DATABASE_ARCHITECTURE.md","7","governance"
"sd_prd_queries","./docs/DATABASE_ARCHITECTURE_GUIDE.md","5","governance"
"sd_prd_queries","./docs/EHG_Engineering/README.md","2","governance"
"sd_prd_queries","./docs/EHG_Engineering/data-contracts/backlog.md","2","governance"
"sd_prd_queries","./docs/EHG_Engineering/data-contracts/product_requirements.md","2","governance"
"sd_prd_queries","./docs/EHG_Engineering/data-contracts/strategic_directives.md","1","governance"
"sd_prd_queries","./docs/LEO_PROTOCOL_v4.2_DYNAMIC_CHECKLISTS.md","1","governance"
"sd_prd_queries","./docs/README.md","4","governance"
"sd_prd_queries","./docs/SUB_AGENT_ACTIVATION_GUIDE.md","1","governance"
"sd_prd_queries","./docs/SUPABASE_CONNECTION_FIXED.md","2","governance"
"sd_prd_queries","./docs/SUPABASE_CONNECTIVITY_GUIDE.md","2","governance"
"sd_prd_queries","./docs/multi-app-protocol.md","1","governance"
"sd_prd_queries","./docs/product-requirements/SD-2025-01-15-A-PRD.md","1","governance"
"sd_prd_queries","./docs/retrospectives/2025-09-22-supabase-backlog-journey.md","2","governance"
"sd_prd_queries","./docs/templates/agent_communications/lead_to_plan_handoff.md","2","governance"
"sd_prd_queries","./docs/templates/agent_communications/plan_to_exec_handoff.md","2","governance"
"sd_prd_queries","./docs/templates/leo_protocol/epic_execution_sequence_template.md","2","governance"
"sd_prd_queries","./docs/templates/leo_protocol/strategic_directive_template.md","1","governance"
"sd_prd_queries","./docs/validation/PHASE4-VALIDATION-REPORT.md","2","governance"
"sd_prd_queries","./docs/wbs_artefacts/execution_sequences/EES-2025-01-15-A-01.md","2","governance"
"sd_prd_queries","./docs/wbs_artefacts/execution_sequences/EES-2025-01-15-A-02.md","3","governance"
"sd_prd_queries","./docs/wbs_artefacts/strategic_directives/SD-2025-01-15-A.md","2","governance"
"sd_prd_queries","./docs/wbs_artefacts/strategic_directives/SD-2025-08-29-A.md","2","governance"
"sd_prd_queries","./kb/ehg-review/00_foundations_ops_instructions.md","2","governance"
"sd_prd_queries","./kb/ehg-review/01_vision_ehg_eva.md","1","governance"
"sd_prd_queries","./kb/ehg-review/02_architecture_boundaries.md","7","governance"
"sd_prd_queries","./kb/ehg-review/04_governance_kpis_prompts.md","2","governance"
"sd_prd_queries","./kb/ehg-review/KB_REFRESH_REPORT.md","1","governance"
"sd_prd_queries","./lib/agents/cost-sub-agent.js","2","governance"
"sd_prd_queries","./lib/agents/database-sub-agent.js","11","governance"
"sd_prd_queries","./lib/dashboard-legacy/sdip/api/sdip-handler.js","1","governance"
"sd_prd_queries","./lib/testing/prd-playwright-generator.js","1","governance"
"sd_prd_queries","./lib/testing/prd-ui-validator.js","1","governance"
"sd_prd_queries","./lib/validation/prd-requirement-extractor.js","1","governance"
"sd_prd_queries","./lib/validation/ui-validator-playwright.js","1","governance"
"sd_prd_queries","./lib/validation/validation-gate-enforcer.js","3","governance"
"sd_prd_queries","./ops/backfill/eng_backfill_governance.sql","2","governance"
"sd_prd_queries","./ops/checks/assert_ci_smoke.sql","3","governance"
"sd_prd_queries","./ops/checks/backlog_assert_critical.sql","3","governance"
"sd_prd_queries","./ops/checks/backlog_integrity.sql","4","governance"
"sd_prd_queries","./ops/checks/backlog_integrity_staging.sql","7","governance"
"sd_prd_queries","./ops/checks/backlog_sequence_staging.sql","2","governance"
"sd_prd_queries","./ops/checks/vision_alignment_staging.sql","19","governance"
"sd_prd_queries","./ops/jobs/backlog_apply_fixes_staging.sql","4","governance"
"sd_prd_queries","./ops/jobs/hydrate_vh_linkage.sql","4","governance"
"sd_prd_queries","./ops/jobs/orphan_apply_links_staging.sql","3","governance"
"sd_prd_queries","./ops/runbooks/direct_to_prod_housekeeping.md","3","governance"
"sd_prd_queries","./ops/runbooks/prod_promotion_housekeeping.md","1","governance"
"sd_prd_queries","./scripts/add-ees-to-database.js","1","governance"
"sd_prd_queries","./scripts/add-emb-backlog-items.js","2","governance"
"sd_prd_queries","./scripts/add-emb-to-existing-backlog.js","7","governance"
"sd_prd_queries","./scripts/add-prd-to-database.js","4","governance"
"sd_prd_queries","./scripts/add-sd-2025-001-complete.js","5","governance"
"sd_prd_queries","./scripts/add-sd-2025-001-simple.js","1","governance"
"sd_prd_queries","./scripts/add-sd-2025-09-emb.js","6","governance"
"sd_prd_queries","./scripts/add-sd-to-database.js","2","governance"
"sd_prd_queries","./scripts/add-venture-workflow-to-database.js","6","governance"
"sd_prd_queries","./scripts/analyze-sd-tables.js","15","governance"
"sd_prd_queries","./scripts/apply-and-verify-emb-migration.js","4","governance"
"sd_prd_queries","./scripts/apply-ehg-backlog-schema.js","3","governance"
"sd_prd_queries","./scripts/archive/codex-integration/OPENAI_CODEX_INTEGRATION.md","2","governance"
"sd_prd_queries","./scripts/archive/codex-integration/complete-codex-integration.js","2","governance"
"sd_prd_queries","./scripts/archive/codex-integration/create-prd-from-test-sd.js","2","governance"
"sd_prd_queries","./scripts/archive/codex-integration/create-test-sd-for-codex.js","1","governance"
"sd_prd_queries","./scripts/archive/codex-integration/database-migrations/014_codex_handoffs.sql","7","governance"
"sd_prd_queries","./scripts/archive/codex-integration/dual-lane-system/dual-lane-orchestrator.js","2","governance"
"sd_prd_queries","./scripts/archive/codex-integration/generate-codex-prompt.js","3","governance"
"sd_prd_queries","./scripts/archive/codex-integration/get-codex-prompt.js","1","governance"
"sd_prd_queries","./scripts/archive/codex-integration/process-codex-artifacts.js","2","governance"
"sd_prd_queries","./scripts/archive/codex-integration/setup-codex-handoffs.js","5","governance"
"sd_prd_queries","./scripts/auto-sync-sd-to-database.js","2","governance"
"sd_prd_queries","./scripts/backup-sds-backlog.js","6","governance"
"sd_prd_queries","./scripts/check-backlog-gaps.js","5","governance"
"sd_prd_queries","./scripts/check-dashboard-prd.js","1","governance"
"sd_prd_queries","./scripts/check-database-constraints.js","7","governance"
"sd_prd_queries","./scripts/check-directive-status.js","2","governance"
"sd_prd_queries","./scripts/check-directives-data.js","2","governance"
"sd_prd_queries","./scripts/check-ehg-tables.js","8","governance"
"sd_prd_queries","./scripts/check-exec-detailed.js","1","governance"
"sd_prd_queries","./scripts/check-exec-status.js","1","governance"
"sd_prd_queries","./scripts/check-real-backlog-gaps.js","2","governance"
"sd_prd_queries","./scripts/check-sd-sequencing.js","4","governance"
"sd_prd_queries","./scripts/check-sd-status-values.js","1","governance"
"sd_prd_queries","./scripts/check-sdip-tables.js","2","governance"
"sd_prd_queries","./scripts/check-tables.js","2","governance"
"sd_prd_queries","./scripts/cleanup-duplicate-sds.js","1","governance"
"sd_prd_queries","./scripts/cleanup-sd-tables.js","9","governance"
"sd_prd_queries","./scripts/close-foundation-sd.js","2","governance"
"sd_prd_queries","./scripts/complete-audit-sd.js","2","governance"
"sd_prd_queries","./scripts/complete-audit-verification.js","4","governance"
"sd_prd_queries","./scripts/complete-exec-checklist.js","1","governance"
"sd_prd_queries","./scripts/complete-exec-phase.js","2","governance"
"sd_prd_queries","./scripts/complete-lead-phase.js","2","governance"
"sd_prd_queries","./scripts/complete-plan-phase.js","2","governance"
"sd_prd_queries","./scripts/complete-plan-verification.js","1","governance"
"sd_prd_queries","./scripts/complete-prd-validation.js","2","governance"
"sd_prd_queries","./scripts/complete-sd-2025-001-final.js","1","governance"
"sd_prd_queries","./scripts/complete-sd-2025-001-simple.js","1","governance"
"sd_prd_queries","./scripts/complete-sd-2025-001.js","4","governance"
"sd_prd_queries","./scripts/complete-sd-template.js","2","governance"
"sd_prd_queries","./scripts/complete-strategic-directive.js","1","governance"
"sd_prd_queries","./scripts/conduct-lead-approval-assessment.js","3","governance"
"sd_prd_queries","./scripts/create-exec-to-plan-handoff.js","2","governance"
"sd_prd_queries","./scripts/create-plan-to-exec-handoff.js","2","governance"
"sd_prd_queries","./scripts/create-prd-dashboard-ui.js","1","governance"
"sd_prd_queries","./scripts/create-prd-table.sql","2","governance"
"sd_prd_queries","./scripts/create-prd-with-playwright.js","1","governance"
"sd_prd_queries","./scripts/create-progress-tracking-schema.sql","2","governance"
"sd_prd_queries","./scripts/create-sdip-prd.js","2","governance"
"sd_prd_queries","./scripts/create-sdip-strategic-directive.js","3","governance"
"sd_prd_queries","./scripts/create-tables-direct.js","3","governance"
"sd_prd_queries","./scripts/create-test-prd-for-stories.js","6","governance"
"sd_prd_queries","./scripts/create-vision-alignment-sd.js","5","governance"
"sd_prd_queries","./scripts/debug-dashboard-progress.js","2","governance"
"sd_prd_queries","./scripts/debug-progress-calculator.js","2","governance"
"sd_prd_queries","./scripts/define-small-enhancement.js","1","governance"
"sd_prd_queries","./scripts/discover-backlog-schema.js","7","governance"
"sd_prd_queries","./scripts/dynamic-checklist-generator.js","3","governance"
"sd_prd_queries","./scripts/execute-prd-sql.js","9","governance"
"sd_prd_queries","./scripts/execute-verification-tests.js","1","governance"
"sd_prd_queries","./scripts/final-stage1-audit.js","1","governance"
"sd_prd_queries","./scripts/fix-audit-metadata.js","2","governance"
"sd_prd_queries","./scripts/fix-prd-and-add-ees.js","7","governance"
"sd_prd_queries","./scripts/fix-sdip-completion.js","4","governance"
"sd_prd_queries","./scripts/generate-ai-guide-from-db.js","2","governance"
"sd_prd_queries","./scripts/generate-claude-md-from-db.js","2","governance"
"sd_prd_queries","./scripts/generate-prd-from-sd.js","3","governance"
"sd_prd_queries","./scripts/github-deployment-subagent.js","9","governance"
"sd_prd_queries","./scripts/handoff-validator.js","3","governance"
"sd_prd_queries","./scripts/import-ehg-backlog-v2.js","10","governance"
"sd_prd_queries","./scripts/import-ehg-backlog.js","2","governance"
"sd_prd_queries","./scripts/initialize-sd-003-dashboard.js","2","governance"
"sd_prd_queries","./scripts/intelligent-checklist-system.js","2","governance"
"sd_prd_queries","./scripts/lead-approve-sdip.js","4","governance"
"sd_prd_queries","./scripts/lead-review-submissions.js","1","governance"
"sd_prd_queries","./scripts/leo-checklist.js","1","governance"
"sd_prd_queries","./scripts/leo-prd-validator.js","2","governance"
"sd_prd_queries","./scripts/leo-protocol-to-existing-db.js","4","governance"
"sd_prd_queries","./scripts/mark-sds-complete-v2.js","5","governance"
"sd_prd_queries","./scripts/mark-sds-complete.js","3","governance"
"sd_prd_queries","./scripts/migrate-statuses.js","8","governance"
"sd_prd_queries","./scripts/new-strategic-directive.js","3","governance"
"sd_prd_queries","./scripts/pareto-exec-completion.js","1","governance"
"sd_prd_queries","./scripts/plan-supervisor-verification.js","1","governance"
"sd_prd_queries","./scripts/plan-verification-sd-2025-001.js","2","governance"
"sd_prd_queries","./scripts/plan-verify-sdip.js","2","governance"
"sd_prd_queries","./scripts/post-import-checks.js","2","governance"
"sd_prd_queries","./scripts/prd-validation-checklist.js","1","governance"
"sd_prd_queries","./scripts/query-active-sds.js","1","governance"
"sd_prd_queries","./scripts/query-sdip-status.js","2","governance"
"sd_prd_queries","./scripts/quick-leo-protocol-execution.js","2","governance"
"sd_prd_queries","./scripts/review-sds.js","2","governance"
"sd_prd_queries","./scripts/schema-discovery.js","5","governance"
"sd_prd_queries","./scripts/setup-database.js","2","governance"
"sd_prd_queries","./scripts/setup-prd-database.js","3","governance"
"sd_prd_queries","./scripts/start-lead-approval.js","4","governance"
"sd_prd_queries","./scripts/start-plan-verification.js","2","governance"
"sd_prd_queries","./scripts/subagent-enforcement-system.js","2","governance"
"sd_prd_queries","./scripts/test-backlog-tables.js","9","governance"
"sd_prd_queries","./scripts/test-connection.js","2","governance"
"sd_prd_queries","./scripts/test-create-table.js","2","governance"
"sd_prd_queries","./scripts/test-dashboard-ui.js","2","governance"
"sd_prd_queries","./scripts/test-database.js","6","governance"
"sd_prd_queries","./scripts/test-progress-calculation.js","2","governance"
"sd_prd_queries","./scripts/test-realtime-refresh.js","1","governance"
"sd_prd_queries","./scripts/test-realtime-sync.js","3","governance"
"sd_prd_queries","./scripts/test-realtime-update.js","1","governance"
"sd_prd_queries","./scripts/test-realtime-updates.js","1","governance"
"sd_prd_queries","./scripts/unified-handoff-system.js","3","governance"
"sd_prd_queries","./scripts/update-audit-prd.js","1","governance"
"sd_prd_queries","./scripts/update-dashboard-ui-sd.js","1","governance"
"sd_prd_queries","./scripts/update-directive-status.js","2","governance"
"sd_prd_queries","./scripts/update-draft-sd-titles.js","3","governance"
"sd_prd_queries","./scripts/update-exec-checklist-proper.js","1","governance"
"sd_prd_queries","./scripts/update-exec-checklist.js","2","governance"
"sd_prd_queries","./scripts/update-exec-complete.js","2","governance"
"sd_prd_queries","./scripts/update-exec-progress.js","2","governance"
"sd_prd_queries","./scripts/update-plan-verification.js","2","governance"
"sd_prd_queries","./scripts/update-prd-checklist.js","2","governance"
"sd_prd_queries","./scripts/update-prd-status.js","1","governance"
"sd_prd_queries","./scripts/update-sd-completion-metadata.js","5","governance"
"sd_prd_queries","./scripts/update-sd-content.js","1","governance"
"sd_prd_queries","./scripts/update-sd-details.js","1","governance"
"sd_prd_queries","./scripts/update-sd-metadata-only.js","5","governance"
"sd_prd_queries","./scripts/update-sds-backlog-stage1.js","4","governance"
"sd_prd_queries","./scripts/validate-new-prd.js","1","governance"
"sd_prd_queries","./scripts/validate-sd-completion.js","2","governance"
"sd_prd_queries","./scripts/verify-connection.js","1","governance"
"sd_prd_queries","./scripts/verify-database-state.js","2","governance"
"sd_prd_queries","./scripts/verify-emb-complete.js","6","governance"
"sd_prd_queries","./scripts/verify-handoff-lead-to-plan.js","4","governance"
"sd_prd_queries","./scripts/verify-handoff-plan-to-exec.js","4","governance"
"sd_prd_queries","./scripts/verify-sd-2025-09-emb.js","4","governance"
"sd_prd_queries","./server.js","7","governance"
"sd_prd_queries","./src/agents/story-bootstrap.js","2","governance"
"sd_prd_queries","./src/services/database-loader/index.ts","1","governance"
"sd_prd_queries","./src/services/database-loader/strategic-loaders.js","6","governance"
"sd_prd_queries","./src/services/database-loader/submissions.js","3","governance"
"sd_prd_queries","./src/services/database-loader/utilities.js","3","governance"
"sd_prd_queries","./src/services/realtime-dashboard.js","4","governance"
"sd_prd_queries","./src/services/realtime-manager.js","6","governance"
"sd_prd_queries","./templates/agent-workflows/lead-vision-qa-workflow.md","2","governance"
"sd_prd_queries","./tests/e2e/leo-protocol-journey.test.js","11","governance"
"sd_prd_queries","./tests/integration/database-operations.test.js","5","governance"
"sd_prd_queries","./tools/migrations/prd-filesystem-to-database.ts","3","governance"
"quality_gates","./.github/workflows/housekeeping-staging-selfcontained.yml","1","quality"
"quality_gates","./applications/APP001/codebase/app/(onboarding)/tour/OnboardingTour.tsx","1","quality"
"quality_gates","./applications/APP001/codebase/src/components/development/TestingAutomationDashboard.tsx","3","quality"
"quality_gates","./applications/APP001/codebase/src/components/stages/Stage13IntegrationTesting.tsx","4","quality"
"quality_gates","./applications/APP001/codebase/src/components/stages/Stage21PreFlightCheck.tsx","2","quality"
"quality_gates","./applications/APP001/codebase/src/components/stages/Stage22IterativeDevelopmentLoop.tsx","1","quality"
"quality_gates","./applications/APP001/codebase/src/components/stages/Stage25QualityAssurance.tsx","5","quality"
"quality_gates","./applications/APP001/codebase/src/components/testing/QualityGatesManager.tsx","15","quality"
"quality_gates","./applications/APP001/codebase/src/components/testing/TestingDashboard.tsx","8","quality"
"quality_gates","./applications/APP001/codebase/src/hooks/useFinalPolish.ts","4","quality"
"quality_gates","./applications/APP001/codebase/src/integrations/supabase/types.ts","8","quality"
"quality_gates","./applications/APP001/codebase/src/lib/workflow/workflow-configuration.ts","1","quality"
"quality_gates","./applications/APP001/codebase/src/lib/workflow/workflow-loader.ts","8","quality"
"quality_gates","./applications/APP001/codebase/src/pages/TestingQA.tsx","2","quality"
"quality_gates","./applications/APP001/codebase/src/types/testing.ts","8","quality"
"quality_gates","./applications/APP001/codebase/supabase/functions/ai-testing-automation-engine/index.ts","5","quality"
"quality_gates","./applications/APP001/codebase/supabase/functions/comprehensive-planning/index.ts","1","quality"
"quality_gates","./applications/APP001/codebase/supabase/functions/testing-orchestrator/index.ts","16","quality"
"quality_gates","./applications/APP001/codebase/supabase/migrations/20250828155709_ae75aaf0-8073-4c0b-9fef-a11540a5b061.sql","7","quality"
"quality_gates","./applications/APP001/codebase/supabase/migrations/20250828233654_ad68a67f-9a34-49fa-8571-9a1da51629a5.sql","1","quality"
"quality_gates","./applications/APP001/codebase/supabase/migrations/20250829144908_a4af3c6b-8fd4-4b0b-afa8-cc8510e1a19a.sql","17","quality"
"quality_gates","./applications/APP001/codebase/supabase/migrations/20250829165049_4cd87d07-a700-4fd1-bb45-a2ca027bc012.sql","1","quality"
"quality_gates","./db/migrations/eng/202509221310__eng_backlog_contract.sql","3","quality"
"quality_gates","./db/migrations/eng/202509221320__eng_fix_prd_storage_fk.sql","7","quality"
"quality_gates","./db/seeds/ci_smoke_seed.sql","2","quality"
"quality_gates","./db/seeds/integrity_gaps_seed.sql","2","quality"
"quality_gates","./db/views/eng/v_eng_backlog_rollup.sql","1","quality"
"quality_gates","./db/views/vh/v_vh_stage_progress.sql","3","quality"
"quality_gates","./docs/02_api/14_development_preparation.md","1","quality"
"quality_gates","./docs/02_api/26_security_compliance.md","1","quality"
"quality_gates","./docs/02_api/30_production_deployment.md","5","quality"
"quality_gates","./docs/02_api/testing_qa_enhanced.md","4","quality"
"quality_gates","./docs/03_protocols_and_standards/LEO_v4.2_PLAYWRIGHT_TESTING_INTEGRATION.md","2","quality"
"quality_gates","./docs/03_protocols_and_standards/leo_protocol_v3.1.5.md","3","quality"
"quality_gates","./docs/03_protocols_and_standards/leo_protocol_v3.2.0_handoff_control_points.md","3","quality"
"quality_gates","./docs/03_protocols_and_standards/leo_protocol_v4.0.md","1","quality"
"quality_gates","./docs/04_features/21_preflight_check.md","9","quality"
"quality_gates","./docs/04_features/24_mvp_engine_iteration.md","1","quality"
"quality_gates","./docs/04_features/29_final_polish.md","3","quality"
"quality_gates","./docs/04_features/LEO-Protocol-SD-002-Retrospective.md","1","quality"
"quality_gates","./docs/05_testing/22_iterative_dev_loop.md","2","quality"
"quality_gates","./docs/05_testing/25_quality_assurance.md","13","quality"
"quality_gates","./docs/EHG/data-contracts/venture_entities.md","1","quality"
"quality_gates","./docs/EHG_Engineering/data-contracts/backlog.md","1","quality"
"quality_gates","./docs/LEAD_FINAL_APPROVAL_SD-2025-001.md","2","quality"
"quality_gates","./docs/PLAYWRIGHT_INTEGRATION_SUMMARY.md","1","quality"
"quality_gates","./docs/leo/gates.md","1","quality"
"quality_gates","./docs/vision/rubric.yaml","4","quality"
"quality_gates","./kb/ehg-review/00_foundations_ops_instructions.md","2","quality"
"quality_gates","./kb/ehg-review/01_vision_ehg_eva.md","1","quality"
"quality_gates","./kb/ehg-review/KB_REFRESH_REPORT.md","2","quality"
"quality_gates","./lib/agents/exec-coordination-tool.js","1","quality"
"quality_gates","./ops/checks/backlog_integrity.sql","2","quality"
"quality_gates","./ops/checks/vh_ideation_integrity_staging.sql","6","quality"
"quality_gates","./ops/checks/vision_alignment_staging.sql","9","quality"
"quality_gates","./scripts/add-backstories-to-all-subagents.js","1","quality"
"quality_gates","./scripts/add-leo-protocol-v4.2.0-story-gates.js","2","quality"
"quality_gates","./scripts/complete-plan-verification.js","1","quality"
"quality_gates","./scripts/insert-initiative-backlog-items.js","1","quality"
"quality_gates","./scripts/insert-stage1-backlog-items.js","2","quality"
"quality_gates","./scripts/intelligent-checklist-system.js","3","quality"
"quality_gates","./scripts/unified-handoff-system.js","1","quality"
"acceptance_criteria","./.github/workflows/housekeeping-staging-selfcontained.yml","1","quality"
"acceptance_criteria","./USER_STORIES_IMPLEMENTATION_SUMMARY.md","1","quality"
"acceptance_criteria","./agents/story/README.md","2","quality"
"acceptance_criteria","./agents/story/runbook.md","4","quality"
"acceptance_criteria","./applications/APP001/codebase/src/integrations/supabase/types.ts","9","quality"
"acceptance_criteria","./applications/APP001/codebase/supabase/functions/development-preparation/index.ts","3","quality"
"acceptance_criteria","./applications/APP001/codebase/supabase/migrations/20250828234818_c8a501cd-d532-473e-afd6-dee995fa8719.sql","1","quality"
"acceptance_criteria","./applications/APP001/codebase/supabase/migrations/20250828234924_43b786fb-8da4-4607-910c-8cb349496e3a.sql","1","quality"
"acceptance_criteria","./database/README.md","2","quality"
"acceptance_criteria","./database/schema/004_prd_schema.sql","1","quality"
"acceptance_criteria","./database/schema/013_leo_protocol_dashboard_schema.sql","1","quality"
"acceptance_criteria","./db/migrations/eng/202509221305__eng_prd_contract.sql","3","quality"
"acceptance_criteria","./db/migrations/eng/legacy/2025-01-17-user-stories-compat.sql","14","quality"
"acceptance_criteria","./db/migrations/eng/legacy/2025-01-17-user-stories.sql","7","quality"
"acceptance_criteria","./db/migrations/eng/legacy/2025-09-EMB-message-bus.sql","6","quality"
"acceptance_criteria","./db/migrations/eng/legacy/prod-pilot-seed.sql","5","quality"
"acceptance_criteria","./db/migrations/eng/legacy/rollback-2025-01-17-user-stories.sql","1","quality"
"acceptance_criteria","./db/migrations/eng/legacy/seed-test-data.sql","8","quality"
"acceptance_criteria","./db/migrations/eng/legacy/verify-SD-2025-09-EMB.sql","2","quality"
"acceptance_criteria","./db/seeds/ci_smoke_seed.sql","2","quality"
"acceptance_criteria","./db/seeds/integrity_gaps_seed.sql","1","quality"
"acceptance_criteria","./db/views/eng/v_eng_prd_payload_v1.sql","1","quality"
"acceptance_criteria","./docs/02_api/07_comprehensive_planning_suite.md","1","quality"
"acceptance_criteria","./docs/02_api/10_technical_review.md","3","quality"
"acceptance_criteria","./docs/02_api/14_development_preparation.md","5","quality"
"acceptance_criteria","./docs/02_api/HANDOFF-LEAD-PLAN-2025-001.md","1","quality"
"acceptance_criteria","./docs/02_api/LEAD-TO-PLAN-SDIP-2025-0903.md","1","quality"
"acceptance_criteria","./docs/03_protocols_and_standards/LEO_PROTOCOL_CHECKLIST_ENFORCEMENT.md","1","quality"
"acceptance_criteria","./docs/03_protocols_and_standards/LEO_v4.2_PLAYWRIGHT_TESTING_INTEGRATION.md","2","quality"
"acceptance_criteria","./docs/03_protocols_and_standards/leo_helper_tools.md","2","quality"
"acceptance_criteria","./docs/03_protocols_and_standards/leo_protocol_v3.1.5.md","1","quality"
"acceptance_criteria","./docs/03_protocols_and_standards/leo_protocol_v3.2.0_handoff_control_points.md","1","quality"
"acceptance_criteria","./docs/03_protocols_and_standards/leo_protocol_v3.3.0_boundary_context_skills.md","1","quality"
"acceptance_criteria","./docs/03_protocols_and_standards/leo_protocol_v4.1.md","2","quality"
"acceptance_criteria","./docs/04_features/29_final_polish.md","1","quality"
"acceptance_criteria","./docs/04_features/31_mvp_launch.md","1","quality"
"acceptance_criteria","./docs/04_features/33_post_mvp_expansion.md","1","quality"
"acceptance_criteria","./docs/04_features/CLAUDE-EXEC.md","1","quality"
"acceptance_criteria","./docs/04_features/LEO-Protocol-SD-002-Retrospective.md","2","quality"
"acceptance_criteria","./docs/04_features/automated_replication_blueprint_generator.md","3","quality"
"acceptance_criteria","./docs/04_features/user_stories_journeys.md","1","quality"
"acceptance_criteria","./docs/05_testing/22_iterative_dev_loop.md","1","quality"
"acceptance_criteria","./docs/API-DOCUMENTATION.md","1","quality"
"acceptance_criteria","./docs/DATABASE_ARCHITECTURE.md","1","quality"
"acceptance_criteria","./docs/EHG_Engineering/README.md","1","quality"
"acceptance_criteria","./docs/EHG_Engineering/SUPABASE-EXECUTION-GUIDE.md","1","quality"
"acceptance_criteria","./docs/EHG_Engineering/data-contracts/product_requirements.md","2","quality"
"acceptance_criteria","./docs/LEAD_APPROVAL_DECISION.md","2","quality"
"acceptance_criteria","./docs/PLAN_VERIFICATION_REPORT.md","1","quality"
"acceptance_criteria","./docs/PLAYWRIGHT_INTEGRATION_SUMMARY.md","1","quality"
"acceptance_criteria","./docs/PRD_CREATION_PROCESS.md","3","quality"
"acceptance_criteria","./docs/REMEDIATION_COMPLETE.md","1","quality"
"acceptance_criteria","./docs/product-requirements/SD-2025-01-15-A-PRD.md","2","quality"
"acceptance_criteria","./docs/product-requirements/SD-2025-09-EMB-README.md","1","quality"
"acceptance_criteria","./docs/templates/agent_communications/plan_to_exec_handoff.md","1","quality"
"acceptance_criteria","./docs/templates/leo_protocol/epic_execution_sequence_template.md","1","quality"
"acceptance_criteria","./docs/templates/leo_protocol/prd_template.md","1","quality"
"acceptance_criteria","./docs/validation/PHASE4-VALIDATION-REPORT.md","1","quality"
"acceptance_criteria","./docs/vision/rubric.yaml","1","quality"
"acceptance_criteria","./docs/workflow/backlog/backlog.yaml","15","quality"
"acceptance_criteria","./kb/ehg-review/00_foundations_ops_instructions.md","2","quality"
"acceptance_criteria","./kb/ehg-review/02_architecture_boundaries.md","2","quality"
"acceptance_criteria","./kb/ehg-review/03_leo_protocol_roles_workflow.md","2","quality"
"acceptance_criteria","./lib/testing/prd-playwright-generator.js","6","quality"
"acceptance_criteria","./ops/checks/backlog_assert_critical.sql","3","quality"
"acceptance_criteria","./ops/checks/backlog_integrity.sql","3","quality"
"acceptance_criteria","./ops/checks/backlog_integrity_staging.sql","5","quality"
"acceptance_criteria","./ops/checks/vh_ideation_integrity_staging.sql","1","quality"
"acceptance_criteria","./ops/checks/vision_alignment_staging.sql","13","quality"
"acceptance_criteria","./ops/jobs/backlog_apply_fixes_staging.sql","4","quality"
"acceptance_criteria","./scripts/add-leo-protocol-v4.2.0-story-gates.js","2","quality"
"acceptance_criteria","./scripts/add-prd-to-database.js","1","quality"
"acceptance_criteria","./scripts/add-sd-2025-001-complete.js","1","quality"
"acceptance_criteria","./scripts/add-venture-workflow-to-database.js","1","quality"
"acceptance_criteria","./scripts/apply-and-verify-emb-migration.js","2","quality"
"acceptance_criteria","./scripts/archive/codex-integration/create-prd-from-test-sd.js","1","quality"
"acceptance_criteria","./scripts/archive/codex-integration/dual-lane-documentation/ws4-credential-verification.md","1","quality"
"acceptance_criteria","./scripts/boundary-check.js","1","quality"
"acceptance_criteria","./scripts/check-backlog-gaps.js","2","quality"
"acceptance_criteria","./scripts/check-story-gates.js","1","quality"
"acceptance_criteria","./scripts/complete-lead-phase.js","1","quality"
"acceptance_criteria","./scripts/complete-plan-phase.js","3","quality"
"acceptance_criteria","./scripts/create-exec-to-plan-handoff.js","1","quality"
"acceptance_criteria","./scripts/create-plan-to-exec-handoff.js","1","quality"
"acceptance_criteria","./scripts/create-prd-dashboard-ui.js","2","quality"
"acceptance_criteria","./scripts/create-prd-table.sql","1","quality"
"acceptance_criteria","./scripts/create-prd-with-playwright.js","7","quality"
"acceptance_criteria","./scripts/create-sdip-prd.js","9","quality"
"acceptance_criteria","./scripts/create-test-prd-for-stories.js","4","quality"
"acceptance_criteria","./scripts/dynamic-checklist-generator.js","3","quality"
"acceptance_criteria","./scripts/execute-prd-sql.js","1","quality"
"acceptance_criteria","./scripts/generate-workflow-docs.js","16","quality"
"acceptance_criteria","./scripts/insert-stage1-backlog-items.js","12","quality"
"acceptance_criteria","./scripts/intelligent-checklist-system.js","6","quality"
"acceptance_criteria","./scripts/leo-prd-validator.js","7","quality"
"acceptance_criteria","./scripts/leo-sd-validator.js","3","quality"
"acceptance_criteria","./scripts/prd-validation-checklist.js","2","quality"
"acceptance_criteria","./scripts/quick-leo-protocol-execution.js","1","quality"
"acceptance_criteria","./scripts/schema-discovery.js","1","quality"
"acceptance_criteria","./scripts/subagent-enforcement-system.js","1","quality"
"acceptance_criteria","./scripts/unified-handoff-system.js","1","quality"
"acceptance_criteria","./scripts/update-audit-prd.js","1","quality"
"acceptance_criteria","./scripts/update-exec-complete.js","2","quality"
"acceptance_criteria","./scripts/update-prd-checklist.js","2","quality"
"acceptance_criteria","./scripts/update-sds-backlog-stage1.js","12","quality"
"acceptance_criteria","./scripts/validate-new-prd.js","2","quality"
"acceptance_criteria","./scripts/verify-handoff-plan-to-exec.js","2","quality"
"acceptance_criteria","./scripts/verify-sd-2025-09-emb.js","1","quality"
"acceptance_criteria","./scripts/verify_user_stories.sql","1","quality"
"acceptance_criteria","./src/client/src/components/ActiveSDProgress.jsx","2","quality"
"acceptance_criteria","./src/client/src/components/ProgressAudit.jsx","1","quality"
"acceptance_criteria","./src/client/src/components/StoryDetail.jsx","2","quality"
"acceptance_criteria","./src/services/database-loader/strategic-loaders.js","4","quality"
"acceptance_criteria","./src/services/database-loader/utilities.js","4","quality"
"acceptance_criteria","./templates/claude-md/agents/CLAUDE-EXEC.md","1","quality"
"completeness_metrics","./.github/workflows/housekeeping-staging-selfcontained.yml","1","quality"
"completeness_metrics","./applications/APP001/codebase/app/api/data-management/quality/route.ts","4","quality"
"completeness_metrics","./applications/APP001/codebase/src/components/data-management/DataLifecycleDashboard.tsx","1","quality"
"completeness_metrics","./applications/APP001/codebase/src/integrations/supabase/types.ts","3","quality"
"completeness_metrics","./applications/APP001/codebase/src/lib/workflow/workflow-configuration.ts","1","quality"
"completeness_metrics","./applications/APP001/codebase/supabase/migrations/20250829103906_5c0d671c-6e50-4dc7-8ff4-1f8027ea858b.sql","1","quality"
"completeness_metrics","./applications/APP001/codebase/supabase/migrations/20250829104518_e380d248-dfc4-4cfa-bb69-0f0a1cc688fb.sql","1","quality"
"completeness_metrics","./applications/APP001/codebase/supabase/migrations/20250829151332_b3dab31f-cd24-4df8-a428-f85a255004d4.sql","1","quality"
"completeness_metrics","./db/migrations/eng/202509221305__eng_prd_contract.sql","17","quality"
"completeness_metrics","./db/seeds/ci_smoke_seed.sql","5","quality"
"completeness_metrics","./db/seeds/integrity_gaps_seed.sql","1","quality"
"completeness_metrics","./docs/01_architecture/13b_exit_readiness_tracking.md","1","quality"
"completeness_metrics","./docs/02_api/10_technical_review.md","4","quality"
"completeness_metrics","./docs/02_api/14_development_preparation.md","1","quality"
"completeness_metrics","./docs/02_api/CLAUDE-API.md","1","quality"
"completeness_metrics","./docs/03_protocols_and_standards/leo_helper_tools.md","1","quality"
"completeness_metrics","./docs/EHG_Engineering/data-contracts/product_requirements.md","2","quality"
"completeness_metrics","./lib/agents/documentation-agent.js","1","quality"
"completeness_metrics","./ops/checks/backlog_assert_critical.sql","4","quality"
"completeness_metrics","./ops/checks/backlog_integrity.sql","3","quality"
"completeness_metrics","./ops/checks/backlog_integrity_staging.sql","12","quality"
"completeness_metrics","./ops/checks/backlog_sequence_staging.sql","7","quality"
"completeness_metrics","./ops/checks/vision_alignment_staging.sql","4","quality"
"completeness_metrics","./ops/jobs/backlog_apply_fixes_staging.sql","8","quality"
"completeness_metrics","./scripts/check-backlog-gaps.js","2","quality"
"completeness_metrics","./scripts/update-documentation-subagent.js","1","quality"
"completeness_metrics","./scripts/update-sds-backlog-stage1.js","2","quality"
"completeness_metrics","./scripts/verify-handoff-lead-to-plan.js","2","quality"
"leo_protocol","./.claude/commands/leo.md","1","automation"
"leo_protocol","./.cursor/rules/leo_protocol_basic.md","5","automation"
"leo_protocol","./.githooks/pre-commit.js","3","automation"
"leo_protocol","./.github/labeler.yml","1","automation"
"leo_protocol","./.github/labels.yml","1","automation"
"leo_protocol","./.github/workflows/auto-labels.yml","1","automation"
"leo_protocol","./.github/workflows/leo-drift-check.yml","5","automation"
"leo_protocol","./AI_GUIDE.md","11","automation"
"leo_protocol","./CLAUDE-LEO.md","2","automation"
"leo_protocol","./CLAUDE.md","16","automation"
"leo_protocol","./CODEX_REMOVAL_SUMMARY.md","8","automation"
"leo_protocol","./CONTRIBUTING.md","10","automation"
"leo_protocol","./DAY_IN_THE_LIFE_EHG_1.5_YEAR.md","1","automation"
"leo_protocol","./EHG_ENGINEER_README.md","9","automation"
"leo_protocol","./FIX_TRUNCATION.md","3","automation"
"leo_protocol","./IMPORTANT_DATABASE_DISTINCTION.md","6","automation"
"leo_protocol","./LEO_CLI_ENHANCEMENT_SUMMARY.md","6","automation"
"leo_protocol","./LEO_COMMANDS.md","2","automation"
"leo_protocol","./PRODUCTION_GO_LIVE.md","1","automation"
"leo_protocol","./PROJECT_REGISTRATION_GUIDE.md","2","automation"
"leo_protocol","./SYSTEM_VERIFICATION_REPORT.md","11","automation"
"leo_protocol","./USER_STORIES_IMPLEMENTATION_SUMMARY.md","1","automation"
"leo_protocol","./applications/APP001/codebase/scripts/add-sd-2025-001-simple.js","1","automation"
"leo_protocol","./applications/APP001/codebase/scripts/verify-database-before-exec.js","3","automation"
"leo_protocol","./applications/APP001/codebase/src/components/agents/AgentPerformanceChart.tsx","6","automation"
"leo_protocol","./applications/APP001/codebase/src/components/orchestration/AgentCoordinationView.tsx","1","automation"
"leo_protocol","./applications/APP001/codebase/src/hooks/useLiveWorkflowProgress.ts","1","automation"
"leo_protocol","./applications/APP001/codebase/src/pages/AIAgentsPage.tsx","1","automation"
"leo_protocol","./applications/APP001/codebase/src/pages/Agents.tsx","1","automation"
"leo_protocol","./applications/APP001/codebase/src/types/agents.ts","1","automation"
"leo_protocol","./applications/APP001/codebase/src/types/orchestration.ts","2","automation"
"leo_protocol","./applications/APP001/codebase/supabase/functions/eva-orchestrator/index.ts","2","automation"
"leo_protocol","./applications/APP001/codebase/supabase/migrations/20250828094259_8d7885bb-3d16-4518-8816-b804e0fe894b.sql","1","automation"
"leo_protocol","./applications/README.md","4","automation"
"leo_protocol","./database/README.md","1","automation"
"leo_protocol","./database/migrations/2025-09-22-integrity-metrics.sql","1","automation"
"leo_protocol","./database/schema/001_initial_schema.sql","1","automation"
"leo_protocol","./database/schema/002_multi_app_schema.sql","3","automation"
"leo_protocol","./database/schema/004_prd_schema.sql","1","automation"
"leo_protocol","./database/schema/005_test_failures_schema.sql","1","automation"
"leo_protocol","./database/schema/007_leo_protocol_schema.sql","30","automation"
"leo_protocol","./database/schema/007_leo_protocol_schema_fixed.sql","29","automation"
"leo_protocol","./database/schema/009_prd_playwright_integration.sql","1","automation"
"leo_protocol","./database/schema/010_plan_supervisor_schema.sql","1","automation"
"leo_protocol","./database/schema/011_agentic_reviews_schema.sql","1","automation"
"leo_protocol","./database/schema/013_leo_protocol_dashboard_fixes.sql","2","automation"
"leo_protocol","./database/schema/013_leo_protocol_dashboard_schema.sql","3","automation"
"leo_protocol","./database/seed/leo_validation_rules.sql","1","automation"
"leo_protocol","./db/migrations/eng/legacy/001_ui_validation_schema.js","1","automation"
"leo_protocol","./db/migrations/eng/legacy/008_ui_validation_schema.sql","1","automation"
"leo_protocol","./db/migrations/eng/legacy/014_leo_gap_remediation.sql","1","automation"
"leo_protocol","./db/migrations/eng/legacy/015_leo_gap_remediation_polish.sql","1","automation"
"leo_protocol","./db/migrations/eng/legacy/2025-09-EMB-message-bus.sql","6","automation"
"leo_protocol","./db/migrations/eng/legacy/create-handoff-tracking-tables.sql","1","automation"
"leo_protocol","./docs/01_architecture/DEEP_RESEARCH_PROMPT_DATABASE_ARCHITECTURE.md","3","automation"
"leo_protocol","./docs/01_architecture/README.md","4","automation"
"leo_protocol","./docs/02_api/01a_draft_idea.md","1","automation"
"leo_protocol","./docs/02_api/02_ai_review.md","2","automation"
"leo_protocol","./docs/02_api/03_comprehensive_validation.md","1","automation"
"leo_protocol","./docs/02_api/HANDOFF-LEAD-PLAN-2025-001.md","1","automation"
"leo_protocol","./docs/02_api/LEAD-TO-PLAN-SDIP-2025-0903.md","2","automation"
"leo_protocol","./docs/02_api/README-EHG.md","12","automation"
"leo_protocol","./docs/02_api/ai_ceo_agent.md","1","automation"
"leo_protocol","./docs/02_api/security-subagent-sdip-handoff.md","1","automation"
"leo_protocol","./docs/03_guides/AI_GUIDE.md","8","automation"
"leo_protocol","./docs/03_guides/PROJECT_REGISTRATION_GUIDE.md","2","automation"
"leo_protocol","./docs/03_protocols_and_standards/LEO_PROTOCOL_CHECKLIST_ENFORCEMENT.md","2","automation"
"leo_protocol","./docs/03_protocols_and_standards/LEO_v4.1_SUB_AGENT_HANDOFFS.md","2","automation"
"leo_protocol","./docs/03_protocols_and_standards/LEO_v4.1_SUMMARY.md","3","automation"
"leo_protocol","./docs/03_protocols_and_standards/LEO_v4.2_HYBRID_SUB_AGENTS.md","4","automation"
"leo_protocol","./docs/03_protocols_and_standards/LEO_v4.2_PLAYWRIGHT_TESTING_INTEGRATION.md","4","automation"
"leo_protocol","./docs/03_protocols_and_standards/leo_github_deployment_workflow_v4.1.2.md","7","automation"
"leo_protocol","./docs/03_protocols_and_standards/leo_helper_tools.md","5","automation"
"leo_protocol","./docs/03_protocols_and_standards/leo_protocol_repository_guidelines.md","21","automation"
"leo_protocol","./docs/03_protocols_and_standards/leo_protocol_v3.1.5.md","29","automation"
"leo_protocol","./docs/03_protocols_and_standards/leo_protocol_v3.1.6_improvements.md","3","automation"
"leo_protocol","./docs/03_protocols_and_standards/leo_protocol_v3.2.0_handoff_control_points.md","4","automation"
"leo_protocol","./docs/03_protocols_and_standards/leo_protocol_v3.3.0_boundary_context_skills.md","2","automation"
"leo_protocol","./docs/03_protocols_and_standards/leo_protocol_v4.0.md","6","automation"
"leo_protocol","./docs/03_protocols_and_standards/leo_protocol_v4.1.1_update.md","5","automation"
"leo_protocol","./docs/03_protocols_and_standards/leo_protocol_v4.1.2_database_first.md","6","automation"
"leo_protocol","./docs/03_protocols_and_standards/leo_protocol_v4.1.md","7","automation"
"leo_protocol","./docs/03_protocols_and_standards/leo_status_line_integration.md","4","automation"
"leo_protocol","./docs/03_protocols_and_standards/leo_status_reference.md","2","automation"
"leo_protocol","./docs/03_protocols_and_standards/leo_vision_qa_integration.md","11","automation"
"leo_protocol","./docs/04_features/EHG_ENGINEER_README.md","9","automation"
"leo_protocol","./docs/04_features/FIX_TRUNCATION.md","3","automation"
"leo_protocol","./docs/04_features/HANDOFF-PLAN-EXEC-2025-001.md","1","automation"
"leo_protocol","./docs/04_features/IMPORTANT_DATABASE_DISTINCTION.md","6","automation"
"leo_protocol","./docs/04_features/LEO-Protocol-SD-002-Retrospective.md","7","automation"
"leo_protocol","./docs/04_features/LEO_CLI_ENHANCEMENT_SUMMARY.md","6","automation"
"leo_protocol","./docs/04_features/PRD-SD-002-shimmer-ai-avatar.md","2","automation"
"leo_protocol","./docs/04_features/SD-002-With-Control-Points.md","2","automation"
"leo_protocol","./docs/04_features/SD-002-shimmer-ai-avatar.md","1","automation"
"leo_protocol","./docs/04_features/chairman_console.md","1","automation"
"leo_protocol","./docs/04_features/database-subagent-sdip-handoff.md","1","automation"
"leo_protocol","./docs/04_features/design-subagent-sdip-handoff.md","1","automation"
"leo_protocol","./docs/04_features/eva_assistant_orchestration.md","2","automation"
"leo_protocol","./docs/04_features/lead-vision-qa-workflow.md","3","automation"
"leo_protocol","./docs/04_features/plan-vision-qa-workflow.md","2","automation"
"leo_protocol","./docs/04_features/research-prompt.md","1","automation"
"leo_protocol","./docs/05_testing/SD-TEST-001-shimmer-avatar.md","1","automation"
"leo_protocol","./docs/05_testing/TESTING_REPORT_STAGES_1_20.md","1","automation"
"leo_protocol","./docs/05_testing/exec-vision-qa-workflow.md","2","automation"
"leo_protocol","./docs/05_testing/testing-subagent-sdip-handoff.md","1","automation"
"leo_protocol","./docs/AGENT_SUBAGENT_BACKSTORY_SYSTEM.md","4","automation"
"leo_protocol","./docs/API-DOCUMENTATION.md","1","automation"
"leo_protocol","./docs/ARCHITECTURAL_GUIDELINES.md","3","automation"
"leo_protocol","./docs/DASHBOARD_AUDIT_REPORT.md","4","automation"
"leo_protocol","./docs/DASHBOARD_TEST_REPORT.md","5","automation"
"leo_protocol","./docs/DASHBOARD_UI_ANALYSIS_REPORT.md","6","automation"
"leo_protocol","./docs/DASHBOARD_VERIFICATION_BUG_REPORT.md","1","automation"
"leo_protocol","./docs/DATABASE_ARCHITECTURE.md","4","automation"
"leo_protocol","./docs/DATABASE_ARCHITECTURE_GUIDE.md","3","automation"
"leo_protocol","./docs/DOCUMENTATION_STANDARDS.md","4","automation"
"leo_protocol","./docs/ENHANCED_TESTING_API_REFERENCE.md","1","automation"
"leo_protocol","./docs/ENHANCED_TESTING_ARCHITECTURE.md","1","automation"
"leo_protocol","./docs/ENHANCED_TESTING_DEBUGGING_README.md","1","automation"
"leo_protocol","./docs/ENHANCED_TESTING_INDEX.md","2","automation"
"leo_protocol","./docs/ENHANCED_TESTING_INTEGRATION_GUIDE.md","1","automation"
"leo_protocol","./docs/ENHANCED_TESTING_TROUBLESHOOTING.md","1","automation"
"leo_protocol","./docs/EXEC-TO-PLAN-HANDOFF-SD-2025-0904-JSY-FIX-COMPLETE.md","1","automation"
"leo_protocol","./docs/EXEC_AGENT_CLARIFICATION.md","4","automation"
"leo_protocol","./docs/LEAD_APPROVAL_DECISION.md","5","automation"
"leo_protocol","./docs/LEAD_FINAL_APPROVAL_SD-2025-001.md","6","automation"
"leo_protocol","./docs/LEO_PROTOCOL_COMPLIANCE_REPORT_SDIP.md","7","automation"
"leo_protocol","./docs/LEO_PROTOCOL_OBSERVATIONS_2025-09-03.md","4","automation"
"leo_protocol","./docs/LEO_PROTOCOL_QUICK_REFERENCE.md","2","automation"
"leo_protocol","./docs/LEO_PROTOCOL_v4.2_DYNAMIC_CHECKLISTS.md","1","automation"
"leo_protocol","./docs/LEO_PROTOCOL_v4.3_SUBAGENT_ENFORCEMENT.md","2","automation"
"leo_protocol","./docs/NAVIGATION_FIXES_COMPLETE.md","2","automation"
"leo_protocol","./docs/PLAN_VERIFICATION_COMPLETE_SD-2025-001.md","3","automation"
"leo_protocol","./docs/PLAN_VERIFICATION_REPORT.md","2","automation"
"leo_protocol","./docs/PLAYWRIGHT_INTEGRATION_SUMMARY.md","5","automation"
"leo_protocol","./docs/PRD_CREATION_PROCESS.md","1","automation"
"leo_protocol","./docs/README.md","11","automation"
"leo_protocol","./docs/RECOMMENDATIONS-FROM-EHG-PLATFORM.md","12","automation"
"leo_protocol","./docs/REMEDIATION_COMPLETE.md","1","automation"
"leo_protocol","./docs/SUB_AGENT_ACTIVATION_GUIDE.md","4","automation"
"leo_protocol","./docs/SUB_AGENT_IMPROVEMENTS_SUMMARY.md","4","automation"
"leo_protocol","./docs/UI_VALIDATION_REPORT.md","2","automation"
"leo_protocol","./docs/approvals/lead-final-production-approval.md","2","automation"
"leo_protocol","./docs/dashboard-guide.md","2","automation"
"leo_protocol","./docs/examples/boundary_enforcement_example.md","1","automation"
"leo_protocol","./docs/implementation/next_steps_execution_plan.md","3","automation"
"leo_protocol","./docs/leo/api.md","3","automation"
"leo_protocol","./docs/leo/gates.md","4","automation"
"leo_protocol","./docs/multi-app-protocol.md","6","automation"
"leo_protocol","./docs/product-requirements/SD-2025-01-15-A-PRD.md","14","automation"
"leo_protocol","./docs/product-requirements/SD-2025-09-EMB-README.md","1","automation"
"leo_protocol","./docs/research/claude_code_context_research_findings.md","14","automation"
"leo_protocol","./docs/research/claude_code_leo_integration_research_plan.md","10","automation"
"leo_protocol","./docs/templates/agent_communications/lead_to_plan_handoff.md","3","automation"
"leo_protocol","./docs/templates/agent_communications/plan_to_exec_handoff.md","4","automation"
"leo_protocol","./docs/templates/leo_protocol/epic_execution_sequence_template.md","3","automation"
"leo_protocol","./docs/templates/leo_protocol/lead_to_plan_handoff.md","2","automation"
"leo_protocol","./docs/templates/leo_protocol/plan_to_exec_handoff.md","1","automation"
"leo_protocol","./docs/templates/leo_protocol/prd_template.md","1","automation"
"leo_protocol","./docs/templates/leo_protocol/strategic_directive_template.md","3","automation"
"leo_protocol","./docs/validation/PHASE4-VALIDATION-REPORT.md","7","automation"
"leo_protocol","./docs/vision-qa-system.md","2","automation"
"leo_protocol","./docs/wbs_artefacts/execution_sequences/EES-2025-01-15-A-01.md","11","automation"
"leo_protocol","./docs/wbs_artefacts/execution_sequences/EES-2025-01-15-A-02.md","10","automation"
"leo_protocol","./docs/wbs_artefacts/strategic_directives/SD-2025-01-15-A.md","16","automation"
"leo_protocol","./docs/wbs_artefacts/strategic_directives/SD-2025-08-29-A.md","3","automation"
"leo_protocol","./docs/workflow/GENERATION_SUMMARY.md","1","automation"
"leo_protocol","./docs/workflow/README.md","2","automation"
"leo_protocol","./docs/workflow/SOP_INDEX.md","1","automation"
"leo_protocol","./docs/workflow/critique/overview.md","1","automation"
"leo_protocol","./hooks/README.md","5","automation"
"leo_protocol","./kb/ehg-review/00_foundations_ops_instructions.md","5","automation"
"leo_protocol","./kb/ehg-review/01_vision_ehg_eva.md","1","automation"
"leo_protocol","./kb/ehg-review/02_architecture_boundaries.md","6","automation"
"leo_protocol","./kb/ehg-review/03_leo_protocol_roles_workflow.md","7","automation"
"leo_protocol","./kb/ehg-review/KB_REFRESH_REPORT.md","6","automation"
"leo_protocol","./lib/agents/base-sub-agent.js","1","automation"
"leo_protocol","./lib/agents/documentation-agent.js","1","automation"
"leo_protocol","./lib/agents/enhancements/agent-behavior-system.js","3","automation"
"leo_protocol","./lib/agents/enhancements/collaboration-engine.js","2","automation"
"leo_protocol","./lib/agents/exec-coordination-tool.js","1","automation"
"leo_protocol","./lib/agents/plan-verification-tool.js","1","automation"
"leo_protocol","./lib/security/encryption.js","2","automation"
"leo_protocol","./lib/sync/sync-manager.js","1","automation"
"leo_protocol","./lib/testing/fix-recommendation-engine.js","1","automation"
"leo_protocol","./lib/testing/prd-playwright-generator.js","1","automation"
"leo_protocol","./lib/testing/prd-ui-validator.js","1","automation"
"leo_protocol","./lib/testing/test-reporter.js","1","automation"
"leo_protocol","./lib/testing/testing-sub-agent.js","9","automation"
"leo_protocol","./lib/testing/vision-qa-agent.js","2","automation"
"leo_protocol","./lib/validation/leo-schemas.ts","1","automation"
"leo_protocol","./lib/validation/validation-gate-enforcer.js","2","automation"
"leo_protocol","./pages/api/leo/metrics.ts","1","automation"
"leo_protocol","./playwright.config.js","2","automation"
"leo_protocol","./press-kit/2030/EHG_Press_Kit_2030.md","7","automation"
"leo_protocol","./press-kit/2030/PowerPoint_Content_Structure.md","3","automation"
"leo_protocol","./press-kit/2030/deck.md","3","automation"
"leo_protocol","./press-kit/2030/make_deck.js","3","automation"
"leo_protocol","./scripts/activate-invisible-subagent-system.js","1","automation"
"leo_protocol","./scripts/activate-leo-protocol-v4.2.0.js","6","automation"
"leo_protocol","./scripts/activate-sub-agents.js","5","automation"
"leo_protocol","./scripts/add-debugging-subagent-to-leo.js","3","automation"
"leo_protocol","./scripts/add-ees-to-database.js","3","automation"
"leo_protocol","./scripts/add-leo-protocol-v4.1.2.js","8","automation"
"leo_protocol","./scripts/add-leo-protocol-v4.2.0-story-gates.js","11","automation"
"leo_protocol","./scripts/add-sd-2025-001-complete.js","2","automation"
"leo_protocol","./scripts/add-sd-2025-09-emb.js","2","automation"
"leo_protocol","./scripts/add-sd-to-database.js","1","automation"
"leo_protocol","./scripts/add-url-validation-rules.js","1","automation"
"leo_protocol","./scripts/apply-and-verify-emb-migration.js","3","automation"
"leo_protocol","./scripts/apply-gap-remediation.js","2","automation"
"leo_protocol","./scripts/apply-plan-supervisor-migration.js","1","automation"
"leo_protocol","./scripts/apply-remediation-polish.js","2","automation"
"leo_protocol","./scripts/apply-supervisor-safe.sql","1","automation"
"leo_protocol","./scripts/apply-ui-validation-schema.js","1","automation"
"leo_protocol","./scripts/archive/codex-integration/OPENAI_CODEX_INTEGRATION.md","2","automation"
"leo_protocol","./scripts/archive/codex-integration/README.md","2","automation"
"leo_protocol","./scripts/archive/codex-integration/complete-codex-integration.js","1","automation"
"leo_protocol","./scripts/archive/codex-integration/database-migrations/014_codex_handoffs.sql","1","automation"
"leo_protocol","./scripts/archive/codex-integration/dual-lane-documentation/IMPLEMENTATION_COMPLETE.md","1","automation"
"leo_protocol","./scripts/archive/codex-integration/dual-lane-documentation/dual-lane-SOP.md","4","automation"
"leo_protocol","./scripts/archive/codex-integration/dual-lane-documentation/dual-lane-alignment.md","2","automation"
"leo_protocol","./scripts/archive/codex-integration/dual-lane-documentation/dual-lane-audit-pack.md","6","automation"
"leo_protocol","./scripts/archive/codex-integration/dual-lane-documentation/dual-lane-branch-protection.md","2","automation"
"leo_protocol","./scripts/archive/codex-integration/dual-lane-documentation/retrospective/plan-supervisor-ws4-verification.md","2","automation"
"leo_protocol","./scripts/archive/codex-integration/dual-lane-documentation/retrospectives/2025-09-01-session-retrospective.md","5","automation"
"leo_protocol","./scripts/archive/codex-integration/dual-lane-documentation/retrospectives/agentic-review-integration-retrospective.md","4","automation"
"leo_protocol","./scripts/archive/codex-integration/dual-lane-documentation/verifications/plan-supervisor-week1-verdict.md","1","automation"
"leo_protocol","./scripts/archive/codex-integration/dual-lane-system/observability/prometheus/metrics.yaml","2","automation"
"leo_protocol","./scripts/archive/codex-integration/dual-lane-system/slsa/README.md","1","automation"
"leo_protocol","./scripts/archive/codex-integration/generate-codex-prompt.js","2","automation"
"leo_protocol","./scripts/archive/codex-integration/get-codex-prompt.js","1","automation"
"leo_protocol","./scripts/archive/codex-integration/process-codex-artifacts.js","1","automation"
"leo_protocol","./scripts/archive/codex-integration/validate-codex-output.js","5","automation"
"leo_protocol","./scripts/auto-supersede-protocols.js","17","automation"
"leo_protocol","./scripts/auto-sync-sd-to-database.js","1","automation"
"leo_protocol","./scripts/boundary-check.js","4","automation"
"leo_protocol","./scripts/check-directive-status.js","1","automation"
"leo_protocol","./scripts/check-directives-data.js","1","automation"
"leo_protocol","./scripts/close-foundation-sd.js","5","automation"
"leo_protocol","./scripts/complete-audit-sd.js","1","automation"
"leo_protocol","./scripts/complete-audit-verification.js","1","automation"
"leo_protocol","./scripts/complete-exec-phase.js","1","automation"
"leo_protocol","./scripts/complete-plan-verification.js","1","automation"
"leo_protocol","./scripts/complete-prd-validation.js","1","automation"
"leo_protocol","./scripts/complete-sd-2025-001-correct.js","2","automation"
"leo_protocol","./scripts/complete-sd-2025-001-final.js","5","automation"
"leo_protocol","./scripts/complete-sd-2025-001-simple.js","1","automation"
"leo_protocol","./scripts/complete-sd-2025-001.js","1","automation"
"leo_protocol","./scripts/complete-sd-template.js","1","automation"
"leo_protocol","./scripts/complete-strategic-directive.js","8","automation"
"leo_protocol","./scripts/complete-validation-ees.js","1","automation"
"leo_protocol","./scripts/conduct-lead-approval-assessment.js","7","automation"
"leo_protocol","./scripts/context-monitor.js","2","automation"
"leo_protocol","./scripts/create-exec-to-plan-handoff.js","1","automation"
"leo_protocol","./scripts/create-leo-protocol-tables.js","5","automation"
"leo_protocol","./scripts/create-leo-tables-via-supabase.js","7","automation"
"leo_protocol","./scripts/create-plan-to-exec-handoff.js","1","automation"
"leo_protocol","./scripts/create-prd-dashboard-ui.js","1","automation"
"leo_protocol","./scripts/create-prd-with-playwright.js","3","automation"
"leo_protocol","./scripts/create-progress-table.js","3","automation"
"leo_protocol","./scripts/create-progress-tracking-schema.sql","2","automation"
"leo_protocol","./scripts/create-sdip-prd.js","2","automation"
"leo_protocol","./scripts/create-sdip-strategic-directive.js","3","automation"
"leo_protocol","./scripts/create-tables-direct.js","3","automation"
"leo_protocol","./scripts/define-small-enhancement.js","3","automation"
"leo_protocol","./scripts/demo-multi-agent-selection.js","1","automation"
"leo_protocol","./scripts/dynamic-checklist-generator.js","1","automation"
"leo_protocol","./scripts/execute-leo-protocol-sql.js","4","automation"
"leo_protocol","./scripts/fix-audit-metadata.js","1","automation"
"leo_protocol","./scripts/fix-navigation-issues.js","2","automation"
"leo_protocol","./scripts/fix-version-detection-and-claude-md.js","6","automation"
"leo_protocol","./scripts/generate-ai-guide-from-db.js","13","automation"
"leo_protocol","./scripts/generate-claude-md-from-db.js","19","automation"
"leo_protocol","./scripts/generate-fix-request.js","4","automation"
"leo_protocol","./scripts/generate-workflow-docs.js","4","automation"
"leo_protocol","./scripts/get-latest-leo-protocol-from-db.js","8","automation"
"leo_protocol","./scripts/get-latest-leo-protocol-version.js","7","automation"
"leo_protocol","./scripts/github-deployment-subagent.js","4","automation"
"leo_protocol","./scripts/handoff-controller.js","2","automation"
"leo_protocol","./scripts/handoff-validator.js","2","automation"
"leo_protocol","./scripts/initialize-sd-003-dashboard.js","3","automation"
"leo_protocol","./scripts/intelligent-checklist-system.js","1","automation"
"leo_protocol","./scripts/lead-approve-sdip.js","3","automation"
"leo_protocol","./scripts/leo-auto-init.js","5","automation"
"leo_protocol","./scripts/leo-bootstrap.js","7","automation"
"leo_protocol","./scripts/leo-checklist.js","10","automation"
"leo_protocol","./scripts/leo-ci-monitor.js","2","automation"
"leo_protocol","./scripts/leo-dashboard.js","3","automation"
"leo_protocol","./scripts/leo-evidence-capture.js","2","automation"
"leo_protocol","./scripts/leo-prd-validator.js","2","automation"
"leo_protocol","./scripts/leo-protocol-smart-qa.js","16","automation"
"leo_protocol","./scripts/leo-protocol-to-existing-db.js","15","automation"
"leo_protocol","./scripts/leo-register-from-env.js","2","automation"
"leo_protocol","./scripts/leo-registration-wizard.js","3","automation"
"leo_protocol","./scripts/leo-sd-validator.js","1","automation"
"leo_protocol","./scripts/leo-status-line.js","6","automation"
"leo_protocol","./scripts/leo-watcher.js","7","automation"
"leo_protocol","./scripts/leo.js","9","automation"
"leo_protocol","./scripts/migrate-leo-protocols-to-database.js","12","automation"
"leo_protocol","./scripts/new-strategic-directive.js","2","automation"
"leo_protocol","./scripts/plan-verification-sd-2025-001.js","2","automation"
"leo_protocol","./scripts/plan-verify-sdip.js","1","automation"
"leo_protocol","./scripts/prd-validation-checklist.js","1","automation"
"leo_protocol","./scripts/prepare-supervisor-migration.js","1","automation"
"leo_protocol","./scripts/push-integrity-metrics.js","1","automation"
"leo_protocol","./scripts/quick-leo-protocol-execution.js","5","automation"
"leo_protocol","./scripts/register-app.js","2","automation"
"leo_protocol","./scripts/setup-database-manager.js","1","automation"
"leo_protocol","./scripts/setup-database.js","1","automation"
"leo_protocol","./scripts/start-lead-approval.js","1","automation"
"leo_protocol","./scripts/start-plan-verification.js","1","automation"
"leo_protocol","./scripts/subagent-enforcement-system.js","2","automation"
"leo_protocol","./scripts/supervisor-migration-clipboard.sql","1","automation"
"leo_protocol","./scripts/switch-context.js","3","automation"
"leo_protocol","./scripts/sync-github.js","1","automation"
"leo_protocol","./scripts/sync-manager.js","1","automation"
"leo_protocol","./scripts/sync-supabase.js","1","automation"
"leo_protocol","./scripts/test-all-subagents.js","1","automation"
"leo_protocol","./scripts/test-complete-integrated-system.js","2","automation"
"leo_protocol","./scripts/test-connections.js","3","automation"
"leo_protocol","./scripts/test-dashboard-ui.js","3","automation"
"leo_protocol","./scripts/test-database.js","1","automation"
"leo_protocol","./scripts/test-debugging-subagent.js","2","automation"
"leo_protocol","./scripts/test-ehg-connection.js","2","automation"
"leo_protocol","./scripts/test-progress-calculation.js","1","automation"
"leo_protocol","./scripts/test-realtime-updates.js","1","automation"
"leo_protocol","./scripts/test-ui-rendering.js","5","automation"
"leo_protocol","./scripts/unified-handoff-system.js","4","automation"
"leo_protocol","./scripts/update-audit-prd.js","4","automation"
"leo_protocol","./scripts/update-claude-md-version.js","16","automation"
"leo_protocol","./scripts/update-dashboard-ui-sd.js","2","automation"
"leo_protocol","./scripts/update-directive-status.js","1","automation"
"leo_protocol","./scripts/update-exec-complete.js","1","automation"
"leo_protocol","./scripts/update-exec-progress.js","1","automation"
"leo_protocol","./scripts/update-plan-verification.js","1","automation"
"leo_protocol","./scripts/update-sd-content.js","9","automation"
"leo_protocol","./scripts/update-sd-details.js","4","automation"
"leo_protocol","./scripts/update-test-planning-requirements.js","2","automation"
"leo_protocol","./scripts/validate-fixes.js","3","automation"
"leo_protocol","./scripts/validate-sub-agent-handoff.js","5","automation"
"leo_protocol","./scripts/verify-database-state.js","2","automation"
"leo_protocol","./scripts/verify-handoff-lead-to-plan.js","6","automation"
"leo_protocol","./scripts/verify-handoff-plan-to-exec.js","6","automation"
"leo_protocol","./scripts/verify-supervisor-setup.js","1","automation"
"leo_protocol","./scripts/vision-qa-decision.js","7","automation"
"leo_protocol","./server.js","3","automation"
"leo_protocol","./src/client/src/animations/README.md","2","automation"
"leo_protocol","./src/client/src/components/ActiveSDProgress.jsx","8","automation"
"leo_protocol","./src/client/src/components/AnimatedAppLayout.jsx","1","automation"
"leo_protocol","./src/client/src/components/AppLayout.jsx","1","automation"
"leo_protocol","./src/client/src/components/DirectiveLab.jsx","1","automation"
"leo_protocol","./src/client/src/components/EnhancedOverview.jsx","1","automation"
"leo_protocol","./src/client/src/components/Overview.jsx","1","automation"
"leo_protocol","./src/client/src/components/PRDManager.jsx","2","automation"
"leo_protocol","./src/client/src/components/ProgressAudit.jsx","1","automation"
"leo_protocol","./src/client/src/components/SDManager.jsx","2","automation"
"leo_protocol","./src/client/src/pages/stories/README.md","1","automation"
"leo_protocol","./src/client/src/utils/animations.js","1","automation"
"leo_protocol","./src/services/DatabaseManager.js","1","automation"
"leo_protocol","./src/services/handoff-validator.js","2","automation"
"leo_protocol","./src/services/progress-calculator.js","3","automation"
"leo_protocol","./src/services/status-validator.js","1","automation"
"leo_protocol","./src/services/version-detector.js","3","automation"
"leo_protocol","./supabase/migrations/008_ui_validation_schema.sql","1","automation"
"leo_protocol","./templates/agent-workflows/exec-vision-qa-workflow.md","2","automation"
"leo_protocol","./templates/agent-workflows/lead-vision-qa-workflow.md","3","automation"
"leo_protocol","./templates/agent-workflows/plan-vision-qa-workflow.md","2","automation"
"leo_protocol","./templates/claude-md/CLAUDE.md","4","automation"
"leo_protocol","./tests/comprehensive-app-review.js","1","automation"
"leo_protocol","./tests/e2e/directive-lab-e2e.test.js","1","automation"
"leo_protocol","./tests/e2e/leo-protocol-journey.test.js","9","automation"
"leo_protocol","./tests/e2e/visual-inspection.spec.js","3","automation"
"leo_protocol","./tests/integration/database-operations.test.js","1","automation"
"leo_protocol","./tests/setup/global-setup.js","2","automation"
"leo_protocol","./tests/setup/global-teardown.js","2","automation"
"leo_protocol","./tests/unit/progress-calculation.test.js","6","automation"
"leo_protocol","./tools/gates/drift-check.ts","2","automation"
"leo_protocol","./tools/migrations/prd-filesystem-to-database.ts","1","automation"
"automation_metrics","./docs/02_api/testing_qa_enhanced.md","1","automation"
"automation_metrics","./docs/03_protocols_and_standards/leo_protocol_v3.1.5.md","1","automation"
"automation_metrics","./docs/04_features/gtm_strategist_agent.md","1","automation"
"automation_metrics","./docs/05_testing/testing_qa.md","1","automation"
"automation_metrics","./docs/vision/rubric.yaml","4","automation"
"automation_metrics","./ops/checks/vision_alignment_staging.sql","2","automation"
"automation_metrics","./scripts/generate-workflow-docs.js","1","automation"
