stage_id,stage_title,prd_file,coverage,evidence_ref,gaps,recommended_change,priority
1,"Draft Idea","docs/02_api/01_draft_idea.md","Implemented","Lines 1-500 of docs/02_api/01_draft_idea.md","None","None","P0"
2,"AI Review","docs/02_api/02_ai_review.md","Implemented","Lines 1-500 of docs/02_api/02_ai_review.md","None","None","P0"
3,"Comprehensive Validation","docs/02_api/03_comprehensive_validation.md","Implemented","Lines 1-500 of docs/02_api/03_comprehensive_validation.md","None","None","P0"
4,"Competitive Intelligence & Market Defense","docs/02_api/04_competitive_intelligence_market_defense.md","Implemented","Lines 1-500 of docs/02_api/04_competitive_intelligence_market_defense.md","None","None","P0"
5,"Profitability Forecasting","docs/02_api/05_profitability_forecasting.md","Implemented","Lines 1-500 of docs/02_api/05_profitability_forecasting.md","None","None","P0"
6,"Risk Evaluation","docs/02_api/06_risk_evaluation.md","Implemented","Lines 1-500 of docs/02_api/06_risk_evaluation.md","None","None","P0"
7,"Comprehensive Planning Suite","docs/02_api/07_comprehensive_planning_suite.md","Implemented","Lines 1-500 of docs/02_api/07_comprehensive_planning_suite.md","None","None","P0"
8,"Problem Decomposition Engine","docs/02_api/08_problem_decomposition_engine.md","Implemented","Lines 1-500 of docs/02_api/08_problem_decomposition_engine.md","None","None","P0"
9,"Gap Analysis & Market Opportunity Modeling","docs/02_api/09_gap_analysis_market_opportunity_modeling.md","Implemented","Lines 1-500 of docs/02_api/09_gap_analysis_market_opportunity_modeling.md","None","None","P0"
10,"Comprehensive Technical Review","docs/02_api/10_comprehensive_technical_review.md","Implemented","Lines 1-500 of docs/02_api/10_comprehensive_technical_review.md","None","None","P0"
11,"Strategic Naming & Brand Foundation","docs/02_api/11_strategic_naming_brand_foundation.md","Implemented","Lines 1-500 of docs/02_api/11_strategic_naming_brand_foundation.md","None","None","P0"
12,"Adaptive Naming Module","docs/02_api/12_adaptive_naming_module.md","Implemented","Lines 1-500 of docs/02_api/12_adaptive_naming_module.md","None","None","P0"
13,"Exit-Oriented Design","docs/02_api/13_exit_oriented_design.md","Implemented","Lines 1-500 of docs/02_api/13_exit_oriented_design.md","None","None","P0"
14,"Comprehensive Development Preparation","docs/02_api/14_comprehensive_development_preparation.md","Implemented","Lines 1-500 of docs/02_api/14_comprehensive_development_preparation.md","None","None","P0"
15,"Pricing Strategy & Revenue Architecture","docs/02_api/15_pricing_strategy_revenue_architecture.md","Implemented","Lines 1-500 of docs/02_api/15_pricing_strategy_revenue_architecture.md","None","None","P0"
16,"AI CEO Agent Development","docs/02_api/16_ai_ceo_agent_development.md","Implemented","Lines 1-500 of docs/02_api/16_ai_ceo_agent_development.md","None","None","P0"
17,"GTM Strategist Agent Development","docs/02_api/17_gtm_strategist_agent_development.md","Implemented","Lines 1-500 of docs/02_api/17_gtm_strategist_agent_development.md","None","None","P0"
18,"Documentation Sync to GitHub","docs/02_api/18_documentation_sync_to_github.md","Implemented","Lines 1-500 of docs/02_api/18_documentation_sync_to_github.md","None","None","P0"
19,"Tri-Party Integration Verification","docs/02_api/19_tri_party_integration_verification.md","Implemented","Lines 1-500 of docs/02_api/19_tri_party_integration_verification.md","None","None","P0"
20,"Enhanced Context Loading","docs/02_api/20_enhanced_context_loading.md","Implemented","Lines 1-500 of docs/02_api/20_enhanced_context_loading.md","None","None","P0"
21,"Final Pre-Flight Check","docs/02_api/21_final_pre_flight_check.md","Partial","TBD","Full implementation needed","Create full PRD","P0"
22,"Iterative Development Loop","docs/02_api/22_iterative_development_loop.md","Partial","TBD","Full implementation needed","Create full PRD","P0"
23,"Continuous Feedback Loops","docs/02_api/23_continuous_feedback_loops.md","Partial","TBD","Full implementation needed","Create full PRD","P0"
24,"MVP Engine: Automated Feedback Iteration","docs/02_api/24_mvp_engine_automated_feedback_iteration.md","Partial","TBD","Full implementation needed","Create full PRD","P0"
25,"Quality Assurance","docs/02_api/25_quality_assurance.md","Partial","TBD","Full implementation needed","Create full PRD","P0"
26,"Security & Compliance Certification","docs/02_api/26_security_compliance_certification.md","Partial","TBD","Full implementation needed","Create full PRD","P0"
27,"Actor Model & Saga Transaction Integration","docs/02_api/27_actor_model_saga_transaction_integration.md","Partial","TBD","Full implementation needed","Create full PRD","P0"
28,"Development Excellence & Caching Optimizations","docs/02_api/28_development_excellence_caching_optimizations.md","Partial","TBD","Full implementation needed","Create full PRD","P0"
29,"Final Polish","docs/02_api/29_final_polish.md","Partial","TBD","Full implementation needed","Create full PRD","P0"
30,"Production Deployment","docs/02_api/30_production_deployment.md","Partial","TBD","Full implementation needed","Create full PRD","P0"
31,"MVP Launch","docs/02_api/31_mvp_launch.md","Missing","TBD","Full implementation needed","Create full PRD","P1"
32,"Customer Success & Retention Engineering","docs/02_api/32_customer_success_retention_engineering.md","Missing","TBD","Full implementation needed","Create full PRD","P1"
33,"Post-MVP Expansion","docs/02_api/33_post_mvp_expansion.md","Missing","TBD","Full implementation needed","Create full PRD","P1"
34,"Creative Media Automation","docs/02_api/34_creative_media_automation.md","Missing","TBD","Full implementation needed","Create full PRD","P1"
35,"GTM Timing Intelligence","docs/02_api/35_gtm_timing_intelligence.md","Missing","TBD","Full implementation needed","Create full PRD","P1"
36,"Parallel Exploration","docs/02_api/36_parallel_exploration.md","Missing","TBD","Full implementation needed","Create full PRD","P1"
37,"Strategic Risk Forecasting","docs/02_api/37_strategic_risk_forecasting.md","Missing","TBD","Full implementation needed","Create full PRD","P1"
38,"Timing Optimization","docs/02_api/38_timing_optimization.md","Missing","TBD","Full implementation needed","Create full PRD","P1"
39,"Multi-Venture Coordination","docs/02_api/39_multi_venture_coordination.md","Missing","TBD","Full implementation needed","Create full PRD","P1"
40,"Venture Active","docs/02_api/40_venture_active.md","Missing","TBD","Full implementation needed","Create full PRD","P1"